[{"model": "form_builder.form", "pk": 1, "fields": {"user": 1, "is_published": false, "name": "Personal Info"}}, {"model": "form_builder.form", "pk": 2, "fields": {"user": 2, "is_published": false, "name": "College Info"}}, {"model": "form_builder.form", "pk": 3, "fields": {"user": 2, "is_published": false, "name": "Business"}}, {"model": "form_builder.form", "pk": 4, "fields": {"user": 1, "is_published": false, "name": "Medical History"}}, {"model": "form_builder.form", "pk": 6, "fields": {"user": 3, "is_published": false, "name": "Food Preferences"}}, {"model": "form_builder.formfield", "pk": 1, "fields": {"form": 1, "field": "T", "text": "Name"}}, {"model": "form_builder.formfield", "pk": 2, "fields": {"form": 1, "field": "R", "text": "Married"}}, {"model": "form_builder.formfield", "pk": 3, "fields": {"form": 2, "field": "T", "text": "College Name"}}, {"model": "form_builder.formfield", "pk": 4, "fields": {"form": 2, "field": "R", "text": "Courses"}}, {"model": "form_builder.formfield", "pk": 5, "fields": {"form": 3, "field": "T", "text": "Business Name"}}, {"model": "form_builder.formfield", "pk": 6, "fields": {"form": 3, "field": "T", "text": "Size"}}, {"model": "form_builder.formfield", "pk": 7, "fields": {"form": 3, "field": "R", "text": "Area"}}, {"model": "form_builder.formfield", "pk": 8, "fields": {"form": 3, "field": "R", "text": "Mentors"}}, {"model": "form_builder.formfield", "pk": 9, "fields": {"form": 1, "field": "T", "text": "Birth Date"}}, {"model": "form_builder.formfield", "pk": 10, "fields": {"form": 1, "field": "T", "text": "Mothers Name"}}, {"model": "form_builder.formfield", "pk": 11, "fields": {"form": 1, "field": "T", "text": "Fathers Name"}}, {"model": "form_builder.formfield", "pk": 12, "fields": {"form": 1, "field": "R", "text": "Figure"}}, {"model": "form_builder.formfield", "pk": 13, "fields": {"form": 1, "field": "R", "text": "Gender"}}, {"model": "form_builder.formfield", "pk": 14, "fields": {"form": 4, "field": "R", "text": "Diseases"}}, {"model": "form_builder.formfield", "pk": 15, "fields": {"form": 6, "field": "R", "text": "What is your favorite food?"}}, {"model": "form_builder.formfield", "pk": 16, "fields": {"form": 6, "field": "T", "text": "What is your favorite cuisine?"}}, {"model": "form_builder.formfield", "pk": 17, "fields": {"form": 6, "field": "T", "text": "Where do you live?"}}, {"model": "form_builder.formfield", "pk": 18, "fields": {"form": 6, "field": "R", "text": "Are you vegetarian?"}}, {"model": "form_builder.formfieldoption", "pk": 1, "fields": {"field": 2, "value": "YES"}}, {"model": "form_builder.formfieldoption", "pk": 2, "fields": {"field": 2, "value": "NO"}}, {"model": "form_builder.formfieldoption", "pk": 3, "fields": {"field": 4, "value": "Computer Science"}}, {"model": "form_builder.formfieldoption", "pk": 4, "fields": {"field": 4, "value": "Physics"}}, {"model": "form_builder.formfieldoption", "pk": 5, "fields": {"field": 4, "value": "Chemistry"}}, {"model": "form_builder.formfieldoption", "pk": 6, "fields": {"field": 4, "value": "Math"}}, {"model": "form_builder.formfieldoption", "pk": 7, "fields": {"field": 7, "value": "Art"}}, {"model": "form_builder.formfieldoption", "pk": 8, "fields": {"field": 7, "value": "Aggriculture"}}, {"model": "form_builder.formfieldoption", "pk": 9, "fields": {"field": 7, "value": "IT Service"}}, {"model": "form_builder.formfieldoption", "pk": 10, "fields": {"field": 7, "value": "Education"}}, {"model": "form_builder.formfieldoption", "pk": 11, "fields": {"field": 7, "value": "Health"}}, {"model": "form_builder.formfieldoption", "pk": 12, "fields": {"field": 8, "value": "Manoj"}}, {"model": "form_builder.formfieldoption", "pk": 13, "fields": {"field": 8, "value": "Issac"}}, {"model": "form_builder.formfieldoption", "pk": 14, "fields": {"field": 8, "value": "Surya"}}, {"model": "form_builder.formfieldoption", "pk": 15, "fields": {"field": 2, "value": "Maybe"}}, {"model": "form_builder.formfieldoption", "pk": 16, "fields": {"field": 2, "value": "Wont Tell"}}, {"model": "form_builder.formfieldoption", "pk": 17, "fields": {"field": 12, "value": "Tall"}}, {"model": "form_builder.formfieldoption", "pk": 18, "fields": {"field": 12, "value": "Slim"}}, {"model": "form_builder.formfieldoption", "pk": 19, "fields": {"field": 12, "value": "Fat"}}, {"model": "form_builder.formfieldoption", "pk": 20, "fields": {"field": 12, "value": "Short"}}, {"model": "form_builder.formfieldoption", "pk": 21, "fields": {"field": 13, "value": "Male"}}, {"model": "form_builder.formfieldoption", "pk": 22, "fields": {"field": 13, "value": "Female"}}, {"model": "form_builder.formfieldoption", "pk": 23, "fields": {"field": 14, "value": "chronic cold"}}, {"model": "form_builder.formfieldoption", "pk": 24, "fields": {"field": 14, "value": "arthritis"}}, {"model": "form_builder.formfieldoption", "pk": 25, "fields": {"field": 14, "value": "amebiasis"}}, {"model": "form_builder.formfieldoption", "pk": 26, "fields": {"field": 15, "value": "Channa"}}, {"model": "form_builder.formfieldoption", "pk": 27, "fields": {"field": 15, "value": "Samosa"}}, {"model": "form_builder.formfieldoption", "pk": 28, "fields": {"field": 15, "value": "Pani Puri"}}, {"model": "form_builder.formfieldoption", "pk": 29, "fields": {"field": 18, "value": "Yes"}}, {"model": "form_builder.formfieldoption", "pk": 30, "fields": {"field": 18, "value": "No"}}, {"model": "form_builder.formfieldattempt", "pk": 1, "fields": {"attempt": 1, "field": 1, "text": "Ajay"}}, {"model": "form_builder.formfieldattempt", "pk": 2, "fields": {"attempt": 1, "field": 2, "text": ""}}, {"model": "form_builder.formfieldattempt", "pk": 3, "fields": {"attempt": 2, "field": 3, "text": "Rajalakshmi"}}, {"model": "form_builder.formfieldattempt", "pk": 4, "fields": {"attempt": 2, "field": 4, "text": ""}}, {"model": "form_builder.formfieldattempt", "pk": 5, "fields": {"attempt": 4, "field": 5, "text": "Inkmonk"}}, {"model": "form_builder.formfieldattempt", "pk": 6, "fields": {"attempt": 4, "field": 6, "text": "11 0"}}, {"model": "form_builder.formfieldattempt", "pk": 7, "fields": {"attempt": 4, "field": 7, "text": ""}}, {"model": "form_builder.formfieldattempt", "pk": 8, "fields": {"attempt": 4, "field": 8, "text": ""}}, {"model": "form_builder.formfieldattempt", "pk": 9, "fields": {"attempt": 5, "field": 1, "text": "Manoj Kumar P"}}, {"model": "form_builder.formfieldattempt", "pk": 10, "fields": {"attempt": 5, "field": 2, "text": ""}}, {"model": "form_builder.formfieldattempt", "pk": 11, "fields": {"attempt": 5, "field": 9, "text": "01-01-2000"}}, {"model": "form_builder.formfieldattempt", "pk": 12, "fields": {"attempt": 5, "field": 10, "text": "Nestle"}}, {"model": "form_builder.formfieldattempt", "pk": 13, "fields": {"attempt": 5, "field": 11, "text": "Umbrella"}}, {"model": "form_builder.formfieldattempt", "pk": 14, "fields": {"attempt": 5, "field": 12, "text": ""}}, {"model": "form_builder.formfieldattempt", "pk": 15, "fields": {"attempt": 5, "field": 13, "text": ""}}, {"model": "form_builder.formfieldattempt", "pk": 16, "fields": {"attempt": 6, "field": 3, "text": ""}}, {"model": "form_builder.formfieldattempt", "pk": 17, "fields": {"attempt": 6, "field": 4, "text": ""}}, {"model": "form_builder.formfieldattempt", "pk": 18, "fields": {"attempt": 7, "field": 5, "text": ""}}, {"model": "form_builder.formfieldattempt", "pk": 19, "fields": {"attempt": 7, "field": 6, "text": ""}}, {"model": "form_builder.formfieldattempt", "pk": 20, "fields": {"attempt": 7, "field": 7, "text": ""}}, {"model": "form_builder.formfieldattempt", "pk": 21, "fields": {"attempt": 7, "field": 8, "text": ""}}, {"model": "form_builder.formfieldattempt", "pk": 22, "fields": {"attempt": 8, "field": 5, "text": ""}}, {"model": "form_builder.formfieldattempt", "pk": 23, "fields": {"attempt": 8, "field": 6, "text": ""}}, {"model": "form_builder.formfieldattempt", "pk": 24, "fields": {"attempt": 8, "field": 7, "text": ""}}, {"model": "form_builder.formfieldattempt", "pk": 25, "fields": {"attempt": 8, "field": 8, "text": ""}}, {"model": "form_builder.formfieldattempt", "pk": 26, "fields": {"attempt": 9, "field": 3, "text": "Shastra"}}, {"model": "form_builder.formfieldattempt", "pk": 27, "fields": {"attempt": 9, "field": 4, "text": ""}}, {"model": "form_builder.formfieldattempt", "pk": 28, "fields": {"attempt": 10, "field": 3, "text": "Secret"}}, {"model": "form_builder.formfieldattempt", "pk": 29, "fields": {"attempt": 10, "field": 4, "text": ""}}, {"model": "form_builder.formfieldattempt", "pk": 30, "fields": {"attempt": 11, "field": 15, "text": ""}}, {"model": "form_builder.formattempt", "pk": 1, "fields": {"user": 2, "form": 1, "created_at": "2019-03-01T02:38:10.146Z", "updated_at": "2019-03-01T02:38:10.146Z", "is_complete": false}}, {"model": "form_builder.formattempt", "pk": 2, "fields": {"user": 2, "form": 2, "created_at": "2019-03-01T09:39:34.120Z", "updated_at": "2019-03-01T11:28:45.552Z", "is_complete": false}}, {"model": "form_builder.formattempt", "pk": 4, "fields": {"user": 2, "form": 3, "created_at": "2019-03-01T10:42:18.440Z", "updated_at": "2019-03-01T10:42:18.440Z", "is_complete": false}}, {"model": "form_builder.formattempt", "pk": 5, "fields": {"user": 2, "form": 1, "created_at": "2019-03-02T08:52:35.887Z", "updated_at": "2019-03-02T08:52:35.887Z", "is_complete": false}}, {"model": "form_builder.formattempt", "pk": 6, "fields": {"user": 1, "form": 2, "created_at": "2019-03-02T09:21:32.827Z", "updated_at": "2019-03-02T09:21:32.827Z", "is_complete": false}}, {"model": "form_builder.formattempt", "pk": 7, "fields": {"user": 1, "form": 3, "created_at": "2019-03-02T09:21:49.454Z", "updated_at": "2019-03-02T09:21:49.454Z", "is_complete": false}}, {"model": "form_builder.formattempt", "pk": 8, "fields": {"user": 1, "form": 3, "created_at": "2019-03-02T09:31:58.847Z", "updated_at": "2019-03-02T09:31:58.847Z", "is_complete": false}}, {"model": "form_builder.formattempt", "pk": 9, "fields": {"user": 1, "form": 2, "created_at": "2019-03-02T09:32:00.907Z", "updated_at": "2019-03-02T09:32:00.908Z", "is_complete": false}}, {"model": "form_builder.formattempt", "pk": 10, "fields": {"user": 1, "form": 2, "created_at": "2019-03-02T09:39:34.737Z", "updated_at": "2019-03-02T09:39:34.737Z", "is_complete": false}}, {"model": "form_builder.formattempt", "pk": 11, "fields": {"user": 1, "form": 6, "created_at": "2019-03-02T10:07:56.317Z", "updated_at": "2019-03-02T10:07:56.317Z", "is_complete": false}}, {"model": "form_builder.formfieldoptionattempt", "pk": 3, "fields": {"field": 2, "option": 1}}, {"model": "form_builder.formfieldoptionattempt", "pk": 5, "fields": {"field": 4, "option": 3}}, {"model": "form_builder.formfieldoptionattempt", "pk": 7, "fields": {"field": 4, "option": 4}}, {"model": "form_builder.formfieldoptionattempt", "pk": 8, "fields": {"field": 4, "option": 5}}, {"model": "form_builder.formfieldoptionattempt", "pk": 10, "fields": {"field": 7, "option": 7}}, {"model": "form_builder.formfieldoptionattempt", "pk": 11, "fields": {"field": 8, "option": 13}}, {"model": "form_builder.formfieldoptionattempt", "pk": 14, "fields": {"field": 10, "option": 15}}, {"model": "form_builder.formfieldoptionattempt", "pk": 15, "fields": {"field": 10, "option": 16}}, {"model": "form_builder.formfieldoptionattempt", "pk": 16, "fields": {"field": 14, "option": 20}}, {"model": "form_builder.formfieldoptionattempt", "pk": 17, "fields": {"field": 14, "option": 19}}, {"model": "form_builder.formfieldoptionattempt", "pk": 18, "fields": {"field": 15, "option": 21}}, {"model": "form_builder.formfieldoptionattempt", "pk": 19, "fields": {"field": 27, "option": 4}}, {"model": "form_builder.formfieldoptionattempt", "pk": 20, "fields": {"field": 29, "option": 3}}, {"model": "form_builder.formfieldoptionattempt", "pk": 21, "fields": {"field": 29, "option": 6}}, {"model": "form_builder.formfieldoptionattempt", "pk": 22, "fields": {"field": 30, "option": 27}}, {"model": "form_builder.formfieldoptionattempt", "pk": 23, "fields": {"field": 30, "option": 28}}]