[{"model": "contenttypes.contenttype", "pk": 1, "fields": {"app_label": "admin", "model": "logentry"}}, {"model": "contenttypes.contenttype", "pk": 2, "fields": {"app_label": "auth", "model": "permission"}}, {"model": "contenttypes.contenttype", "pk": 3, "fields": {"app_label": "auth", "model": "group"}}, {"model": "contenttypes.contenttype", "pk": 4, "fields": {"app_label": "auth", "model": "user"}}, {"model": "contenttypes.contenttype", "pk": 5, "fields": {"app_label": "contenttypes", "model": "contenttype"}}, {"model": "contenttypes.contenttype", "pk": 6, "fields": {"app_label": "sessions", "model": "session"}}, {"model": "contenttypes.contenttype", "pk": 7, "fields": {"app_label": "form_builder", "model": "form"}}, {"model": "contenttypes.contenttype", "pk": 8, "fields": {"app_label": "form_builder", "model": "formattempt"}}, {"model": "contenttypes.contenttype", "pk": 9, "fields": {"app_label": "form_builder", "model": "formfield"}}, {"model": "contenttypes.contenttype", "pk": 10, "fields": {"app_label": "form_builder", "model": "formfieldattempt"}}, {"model": "contenttypes.contenttype", "pk": 11, "fields": {"app_label": "form_builder", "model": "formfieldoption"}}, {"model": "contenttypes.contenttype", "pk": 12, "fields": {"app_label": "form_builder", "model": "formfieldoptionattempt"}}, {"model": "form_builder.formfield", "pk": 1, "fields": {"form": 1, "field": "T", "text": "Name"}}, {"model": "form_builder.formfield", "pk": 2, "fields": {"form": 1, "field": "T", "text": "Age"}}, {"model": "form_builder.formfield", "pk": 3, "fields": {"form": 1, "field": "T", "text": "Location"}}, {"model": "form_builder.formfield", "pk": 4, "fields": {"form": 1, "field": "R", "text": "Shift"}}, {"model": "form_builder.formfield", "pk": 5, "fields": {"form": 1, "field": "R", "text": "Mode of Travel"}}, {"model": "form_builder.formfield", "pk": 6, "fields": {"form": 2, "field": "T", "text": "Name"}}, {"model": "form_builder.formfield", "pk": 7, "fields": {"form": 2, "field": "T", "text": "Age"}}, {"model": "form_builder.formfield", "pk": 8, "fields": {"form": 2, "field": "T", "text": "Location"}}, {"model": "form_builder.formfield", "pk": 9, "fields": {"form": 2, "field": "R", "text": "Married"}}, {"model": "form_builder.formfield", "pk": 10, "fields": {"form": 2, "field": "R", "text": "When are you free"}}, {"model": "form_builder.formfieldoption", "pk": 1, "fields": {"field": 4, "value": "Day"}}, {"model": "form_builder.formfieldoption", "pk": 2, "fields": {"field": 4, "value": "Night"}}, {"model": "form_builder.formfieldoption", "pk": 3, "fields": {"field": 5, "value": "Car"}}, {"model": "form_builder.formfieldoption", "pk": 4, "fields": {"field": 5, "value": "Bike"}}, {"model": "form_builder.formfieldoption", "pk": 5, "fields": {"field": 5, "value": "Bus"}}, {"model": "form_builder.formfieldoption", "pk": 6, "fields": {"field": 5, "value": "Bicycle"}}, {"model": "form_builder.formfieldoption", "pk": 7, "fields": {"field": 9, "value": "Yes"}}, {"model": "form_builder.formfieldoption", "pk": 8, "fields": {"field": 9, "value": "No"}}, {"model": "form_builder.formfieldoption", "pk": 9, "fields": {"field": 9, "value": "Wont Say"}}, {"model": "form_builder.formfieldoption", "pk": 10, "fields": {"field": 9, "value": "Complicated"}}, {"model": "form_builder.formfieldoption", "pk": 11, "fields": {"field": 10, "value": "Sunday"}}, {"model": "form_builder.formfieldoption", "pk": 12, "fields": {"field": 10, "value": "Monday"}}, {"model": "form_builder.formfieldoption", "pk": 13, "fields": {"field": 10, "value": "Tuesday"}}, {"model": "form_builder.formfieldoption", "pk": 14, "fields": {"field": 10, "value": "Wednesday"}}, {"model": "form_builder.formfieldoption", "pk": 15, "fields": {"field": 10, "value": "Thursday"}}, {"model": "form_builder.formfieldoption", "pk": 16, "fields": {"field": 10, "value": "Friday"}}, {"model": "form_builder.formfieldattempt", "pk": 1, "fields": {"attempt": 1, "field": 1, "text": "Puru"}}, {"model": "form_builder.formfieldattempt", "pk": 2, "fields": {"attempt": 1, "field": 2, "text": "50"}}, {"model": "form_builder.formfieldattempt", "pk": 3, "fields": {"attempt": 1, "field": 3, "text": "Valasaravakkam"}}, {"model": "form_builder.formfieldattempt", "pk": 4, "fields": {"attempt": 1, "field": 4, "text": ""}}, {"model": "form_builder.formfieldattempt", "pk": 5, "fields": {"attempt": 1, "field": 5, "text": ""}}, {"model": "form_builder.formfieldoptionattempt", "pk": 2, "fields": {"field": 5, "option": 6}}, {"model": "form_builder.formfieldoptionattempt", "pk": 3, "fields": {"field": 5, "option": 4}}, {"model": "auth.permission", "pk": 1, "fields": {"name": "Can add log entry", "content_type": 1, "codename": "add_logentry"}}, {"model": "auth.permission", "pk": 2, "fields": {"name": "Can change log entry", "content_type": 1, "codename": "change_logentry"}}, {"model": "auth.permission", "pk": 3, "fields": {"name": "Can delete log entry", "content_type": 1, "codename": "delete_logentry"}}, {"model": "auth.permission", "pk": 4, "fields": {"name": "Can view log entry", "content_type": 1, "codename": "view_logentry"}}, {"model": "auth.permission", "pk": 5, "fields": {"name": "Can add permission", "content_type": 2, "codename": "add_permission"}}, {"model": "auth.permission", "pk": 6, "fields": {"name": "Can change permission", "content_type": 2, "codename": "change_permission"}}, {"model": "auth.permission", "pk": 7, "fields": {"name": "Can delete permission", "content_type": 2, "codename": "delete_permission"}}, {"model": "auth.permission", "pk": 8, "fields": {"name": "Can view permission", "content_type": 2, "codename": "view_permission"}}, {"model": "auth.permission", "pk": 9, "fields": {"name": "Can add group", "content_type": 3, "codename": "add_group"}}, {"model": "auth.permission", "pk": 10, "fields": {"name": "Can change group", "content_type": 3, "codename": "change_group"}}, {"model": "auth.permission", "pk": 11, "fields": {"name": "Can delete group", "content_type": 3, "codename": "delete_group"}}, {"model": "auth.permission", "pk": 12, "fields": {"name": "Can view group", "content_type": 3, "codename": "view_group"}}, {"model": "auth.permission", "pk": 13, "fields": {"name": "Can add user", "content_type": 4, "codename": "add_user"}}, {"model": "auth.permission", "pk": 14, "fields": {"name": "Can change user", "content_type": 4, "codename": "change_user"}}, {"model": "auth.permission", "pk": 15, "fields": {"name": "Can delete user", "content_type": 4, "codename": "delete_user"}}, {"model": "auth.permission", "pk": 16, "fields": {"name": "Can view user", "content_type": 4, "codename": "view_user"}}, {"model": "auth.permission", "pk": 17, "fields": {"name": "Can add content type", "content_type": 5, "codename": "add_contenttype"}}, {"model": "auth.permission", "pk": 18, "fields": {"name": "Can change content type", "content_type": 5, "codename": "change_contenttype"}}, {"model": "auth.permission", "pk": 19, "fields": {"name": "Can delete content type", "content_type": 5, "codename": "delete_contenttype"}}, {"model": "auth.permission", "pk": 20, "fields": {"name": "Can view content type", "content_type": 5, "codename": "view_contenttype"}}, {"model": "auth.permission", "pk": 21, "fields": {"name": "Can add session", "content_type": 6, "codename": "add_session"}}, {"model": "auth.permission", "pk": 22, "fields": {"name": "Can change session", "content_type": 6, "codename": "change_session"}}, {"model": "auth.permission", "pk": 23, "fields": {"name": "Can delete session", "content_type": 6, "codename": "delete_session"}}, {"model": "auth.permission", "pk": 24, "fields": {"name": "Can view session", "content_type": 6, "codename": "view_session"}}, {"model": "auth.permission", "pk": 25, "fields": {"name": "Can add form", "content_type": 7, "codename": "add_form"}}, {"model": "auth.permission", "pk": 26, "fields": {"name": "Can change form", "content_type": 7, "codename": "change_form"}}, {"model": "auth.permission", "pk": 27, "fields": {"name": "Can delete form", "content_type": 7, "codename": "delete_form"}}, {"model": "auth.permission", "pk": 28, "fields": {"name": "Can view form", "content_type": 7, "codename": "view_form"}}, {"model": "auth.permission", "pk": 29, "fields": {"name": "Can add form attempt", "content_type": 8, "codename": "add_formattempt"}}, {"model": "auth.permission", "pk": 30, "fields": {"name": "Can change form attempt", "content_type": 8, "codename": "change_formattempt"}}, {"model": "auth.permission", "pk": 31, "fields": {"name": "Can delete form attempt", "content_type": 8, "codename": "delete_formattempt"}}, {"model": "auth.permission", "pk": 32, "fields": {"name": "Can view form attempt", "content_type": 8, "codename": "view_formattempt"}}, {"model": "auth.permission", "pk": 33, "fields": {"name": "Can add form field", "content_type": 9, "codename": "add_formfield"}}, {"model": "auth.permission", "pk": 34, "fields": {"name": "Can change form field", "content_type": 9, "codename": "change_formfield"}}, {"model": "auth.permission", "pk": 35, "fields": {"name": "Can delete form field", "content_type": 9, "codename": "delete_formfield"}}, {"model": "auth.permission", "pk": 36, "fields": {"name": "Can view form field", "content_type": 9, "codename": "view_formfield"}}, {"model": "auth.permission", "pk": 37, "fields": {"name": "Can add form field attempt", "content_type": 10, "codename": "add_formfieldattempt"}}, {"model": "auth.permission", "pk": 38, "fields": {"name": "Can change form field attempt", "content_type": 10, "codename": "change_formfieldattempt"}}, {"model": "auth.permission", "pk": 39, "fields": {"name": "Can delete form field attempt", "content_type": 10, "codename": "delete_formfieldattempt"}}, {"model": "auth.permission", "pk": 40, "fields": {"name": "Can view form field attempt", "content_type": 10, "codename": "view_formfieldattempt"}}, {"model": "auth.permission", "pk": 41, "fields": {"name": "Can add form field option", "content_type": 11, "codename": "add_formfieldoption"}}, {"model": "auth.permission", "pk": 42, "fields": {"name": "Can change form field option", "content_type": 11, "codename": "change_formfieldoption"}}, {"model": "auth.permission", "pk": 43, "fields": {"name": "Can delete form field option", "content_type": 11, "codename": "delete_formfieldoption"}}, {"model": "auth.permission", "pk": 44, "fields": {"name": "Can view form field option", "content_type": 11, "codename": "view_formfieldoption"}}, {"model": "auth.permission", "pk": 45, "fields": {"name": "Can add form field option attempt", "content_type": 12, "codename": "add_formfieldoptionattempt"}}, {"model": "auth.permission", "pk": 46, "fields": {"name": "Can change form field option attempt", "content_type": 12, "codename": "change_formfieldoptionattempt"}}, {"model": "auth.permission", "pk": 47, "fields": {"name": "Can delete form field option attempt", "content_type": 12, "codename": "delete_formfieldoptionattempt"}}, {"model": "auth.permission", "pk": 48, "fields": {"name": "Can view form field option attempt", "content_type": 12, "codename": "view_formfieldoptionattempt"}}, {"model": "auth.user", "pk": 1, "fields": {"password": "pbkdf2_sha256$120000$AgNbzQrjv16k$3wkV+m3dxitDfH4UF7nFistonIefNModXKKIfAOz06E=", "last_login": null, "is_superuser": false, "username": "manoj", "first_name": "", "last_name": "", "email": "", "is_staff": false, "is_active": true, "date_joined": "2019-03-03T06:08:09.766Z", "groups": [], "user_permissions": []}}, {"model": "auth.user", "pk": 2, "fields": {"password": "pbkdf2_sha256$120000$aoLaO9swGPE5$WjA63bcxyS4psv3jLDVJ18yXsBeiYXaxGDtsn1puMvQ=", "last_login": null, "is_superuser": false, "username": "ajay", "first_name": "", "last_name": "", "email": "", "is_staff": false, "is_active": true, "date_joined": "2019-03-03T06:08:09.954Z", "groups": [], "user_permissions": []}}, {"model": "auth.user", "pk": 3, "fields": {"password": "pbkdf2_sha256$120000$hfUuQguCSDec$EMewXe7h2bIzy/Nl2i/vMqATTbaAdn4wXTTHpIy6FfI=", "last_login": null, "is_superuser": false, "username": "puru", "first_name": "", "last_name": "", "email": "", "is_staff": false, "is_active": true, "date_joined": "2019-03-03T06:08:10.121Z", "groups": [], "user_permissions": []}}, {"model": "auth.user", "pk": 4, "fields": {"password": "pbkdf2_sha256$120000$roIOXODSsFjo$oJL0tcB+nBEY9EQ87yVa6lfa7r0omip6J3spieFQoDE=", "last_login": null, "is_superuser": false, "username": "issac", "first_name": "", "last_name": "", "email": "", "is_staff": false, "is_active": true, "date_joined": "2019-03-03T06:08:10.294Z", "groups": [], "user_permissions": []}}, {"model": "auth.user", "pk": 5, "fields": {"password": "pbkdf2_sha256$120000$T1K4EOmaa8yW$XhpjyFUSnE9vKxia/UKxz8kvtXOCXDEJ8sh/K8eNJU8=", "last_login": null, "is_superuser": false, "username": "surya", "first_name": "", "last_name": "", "email": "", "is_staff": false, "is_active": true, "date_joined": "2019-03-03T06:08:10.459Z", "groups": [], "user_permissions": []}}, {"model": "form_builder.form", "pk": 1, "fields": {"user": 1, "is_published": false, "name": "Employee Details", "description": "Company survey of employee preferences"}}, {"model": "form_builder.form", "pk": 2, "fields": {"user": 2, "is_published": false, "name": "Social Work", "description": "Are you willing to volunteer?"}}, {"model": "form_builder.formattempt", "pk": 1, "fields": {"user": 3, "form": 1, "created_at": "2019-03-03T06:10:57.426Z", "updated_at": "2019-03-03T06:10:57.426Z", "is_complete": false}}]